{
    "private": true,
    "scripts": {
        "dev": "npm run development",
        "development": "cross-env NODE_ENV=development node_modules/webpack/bin/webpack.js --progress --hide-modules --config=node_modules/laravel-mix/setup/webpack.config.js",
        "watch": "npm run development -- --watch",
        "watch-poll": "npm run watch -- --watch-poll",
        "hot": "cross-env NODE_ENV=development node_modules/webpack-dev-server/bin/webpack-dev-server.js --inline --hot --disable-host-check --config=node_modules/laravel-mix/setup/webpack.config.js",
        "prod": "npm run production",
        "production": "cross-env NODE_ENV=production node_modules/webpack/bin/webpack.js --no-progress --hide-modules --config=node_modules/laravel-mix/setup/webpack.config.js"
    },
    "devDependencies": {
        "@popperjs/core": "^2.11.6",
        "@vitejs/plugin-vue": "^4.5.0",
        "axios": "^0.19",
        "bootstrap": "^5.2.3",
        "cross-env": "^7.0",
        "jquery": "^3.2",
        "laravel-mix": "^5.0.6",
        "lodash": "^4.17.19",
        "popper.js": "^1.12",
        "resolve-url-loader": "^3.1.0",
        "sass": "^1.56.1",
        "sass-loader": "^8.0.0",
        "vue": "^3.2.37",
        "vue-template-compiler": "^2.6.10"
    },
    "dependencies": {
        "@fortawesome/fontawesome-free": "^5.15.1",
        "admin-lte": "^3.0.5",
        "bootstrap-vue": "^2.17.3",
        "moment": "^2.29.1",
        "numeral": "^2.0.6",
        "sweetalert2": "^10.3.7",
        "vform": "^1.0.1",
        "vue-croppie": "^2.0.2",
        "vue-progressbar": "^0.7.5",
        "vue-toastr": "^2.1.2"
    }
}
